Dataset,Accuracy,Precision,Recall,F1,MCC,Specificity
Our,0.9625668449197861,0.9849510910458992,0.9390243902439024,0.961439588688946,0.9261056781250756,0.9858256555634302
